,0
0,
1,"[['x, y, z']]"
2,"[['x, y, z', '-x, -y, -z'], ['x, y, z'], ['x, y, z'], ['x, y, z'], ['x, y, z']]"
3,"[['x, y, z', '-x, -y, z'], ['x, y, z'], ['x, y, z'], ['x, y, z'], ['x, y, z']]"
4,"[['x, y, z', 'x, y, -z'], ['x, y, z']]"
5,"[['x, y, z', 'x+1/2, y, -z']]"
6,"[['x, y, z', '-x, -y, z', '-x, -y, -z', 'x, y, -z'], ['x, y, z', '-x, -y, z'], ['x, y, z', '-x, -y, -z'], ['x, y, z', '-x, -y, -z'], ['x, y, z', '-x, -y, -z'], ['x, y, z', '-x, -y, -z'], ['x, y, z'], ['x, y, z'], ['x, y, z'], ['x, y, z']]"
7,"[['x, y, z', '-x+1/2, -y, z', '-x, -y, -z', 'x+1/2, y, -z'], ['x, y, z', '-x, -y, -z'], ['x, y, z', '-x, -y, -z'], ['x, y, z', '-x+1/2, -y, z'], ['x, y, z', '-x+1/2, -y, z']]"
8,"[['x, y, z', 'x, -y, -z'], ['x, y, z'], ['x, y, z']]"
9,"[['x, y, z', 'x+1/2, -y, -z']]"
10,"[['x, y, z', 'x, -y, -z', 'x+1/2, y+1/2, z', 'x+1/2, -y+1/2, -z'], ['x, y, z', 'x+1/2, y+1/2, z']]"
11,"[['x, y, z', '-x, y, z'], ['x, y, z'], ['x, y, z']]"
12,"[['x, y, z', '-x, y+1/2, z']]"
13,"[['x, y, z', '-x, y, z', 'x+1/2, y+1/2, z', '-x+1/2, y+1/2, z'], ['x, y, z', 'x+1/2, y+1/2, z']]"
14,"[['x, y, z', 'x, -y, -z', '-x, -y, -z', '-x, y, z'], ['x, y, z', 'x, -y, -z'], ['x, y, z', 'x, -y, -z'], ['x, y, z', '-x, -y, -z'], ['x, y, z', '-x, -y, -z'], ['x, y, z'], ['x, y, z'], ['x, y, z'], ['x, y, z']]"
15,"[['x, y, z', 'x+1/2, -y, -z', '-x, -y, -z', '-x+1/2, y, z'], ['x, y, z', 'x+1/2, -y, -z'], ['x, y, z', 'x+1/2, -y, -z'], ['x, y, z', 'x+1/2, -y, -z']]"
16,"[['x, y, z', 'x, -y+1/2, -z', '-x, -y, -z', '-x, y+1/2, z'], ['x, y, z', '-x, -y, -z'], ['x, y, z', 'x, -y+1/2, -z'], ['x, y, z', 'x, -y+1/2, -z']]"
17,"[['x, y, z', 'x+1/2, -y+1/2, -z', '-x, -y, -z', '-x+1/2, y+1/2, z'], ['x, y, z', 'x+1/2, -y+1/2, -z'], ['x, y, z', 'x+1/2, -y+1/2, -z']]"
18,"[['x, y, z', 'x, -y, -z', '-x, -y, -z', '-x, y, z', 'x+1/2, y+1/2, z', 'x+1/2, -y+1/2, -z', '-x+1/2, -y+1/2, -z', '-x+1/2, y+1/2, z'], ['x, y, z', 'x, -y, -z', 'x+1/2, y+1/2, z', 'x+1/2, -y+1/2, -z'], ['x, y, z', '-x, -y, -z', 'x+1/2, y+1/2, z', '-x+1/2, -y+1/2, -z'], ['x, y, z', 'x, -y, -z', '-x, -y, -z', '-x, y, z'], ['x, y, z', 'x+1/2, y+1/2, z'], ['x, y, z', 'x+1/2, y+1/2, z']]"
19,"[['x, y, z', '-x, -y, z', '-x, y, -z', 'x, -y, -z'], ['x, y, z', '-x, y, -z'], ['x, y, z', '-x, y, -z'], ['x, y, z', '-x, y, -z'], ['x, y, z', '-x, y, -z'], ['x, y, z', '-x, -y, z'], ['x, y, z', '-x, -y, z'], ['x, y, z', '-x, -y, z'], ['x, y, z', '-x, -y, z'], ['x, y, z'], ['x, y, z'], ['x, y, z'], ['x, y, z']]"
20,"[['x, y, z', 'x+1/2, -y, -z', '-x+1/2, y, -z', '-x, -y, z'], ['x, y, z', 'x+1/2, -y, -z'], ['x, y, z', 'x+1/2, -y, -z'], ['x, y, z', 'x+1/2, -y, -z']]"
21,"[['x, y, z', '-x, -y, z', '-x+1/2, y+1/2, -z', 'x+1/2, -y+1/2, -z'], ['x, y, z', '-x+1/2, y+1/2, -z'], ['x, y, z', '-x+1/2, y+1/2, -z']]"
22,"[['x, y, z', '-x, -y, z', '-x, y, -z', 'x, -y, -z', 'x+1/2, y+1/2, z', '-x+1/2, -y+1/2, z', '-x+1/2, y+1/2, -z', 'x+1/2, -y+1/2, -z'], ['x, y, z', '-x, -y, z', '-x, y, -z', 'x, -y, -z'], ['x, y, z', '-x, y, -z', 'x+1/2, y+1/2, z', '-x+1/2, y+1/2, -z'], ['x, y, z', '-x, y, -z', 'x+1/2, y+1/2, z', '-x+1/2, y+1/2, -z'], ['x, y, z', '-x, -y, z', 'x+1/2, y+1/2, z', '-x+1/2, -y+1/2, z'], ['x, y, z', '-x, -y, z', 'x+1/2, y+1/2, z', '-x+1/2, -y+1/2, z'], ['x, y, z', 'x+1/2, y+1/2, z'], ['x, y, z', 'x+1/2, y+1/2, z']]"
23,"[['x, y, z', '-x, -y, z', 'x, -y, z', '-x, y, z'], ['x, y, z', '-x, -y, z'], ['x, y, z', '-x, -y, z'], ['x, y, z', '-x, -y, z'], ['x, y, z', '-x, -y, z'], ['x, y, z'], ['x, y, z'], ['x, y, z'], ['x, y, z']]"
24,"[['x, y, z', '-x, -y, z', 'x+1/2, -y, z', '-x+1/2, y, z'], ['x, y, z', '-x, -y, z'], ['x, y, z', 'x+1/2, -y, z'], ['x, y, z', 'x+1/2, -y, z']]"
25,"[['x, y, z', '-x, -y, z', 'x+1/2, -y+1/2, z', '-x+1/2, y+1/2, z'], ['x, y, z', 'x+1/2, -y+1/2, z'], ['x, y, z', 'x+1/2, -y+1/2, z']]"
26,"[['x, y, z', '-x, -y, z', 'x, -y, z', '-x, y, z', 'x+1/2, y+1/2, z', '-x+1/2, -y+1/2, z', 'x+1/2, -y+1/2, z', '-x+1/2, y+1/2, z'], ['x, y, z', '-x, -y, z', 'x+1/2, y+1/2, z', '-x+1/2, -y+1/2, z'], ['x, y, z', '-x, -y, z', 'x+1/2, y+1/2, z', '-x+1/2, -y+1/2, z'], ['x, y, z', '-x, -y, z', 'x, -y, z', '-x, y, z'], ['x, y, z', 'x+1/2, y+1/2, z'], ['x, y, z', 'x+1/2, y+1/2, z']]"
27,"[['x, y, z', '-x, y, -z', '-x, y, z', 'x, y, -z'], ['x, y, z', '-x, y, -z'], ['x, y, z', '-x, y, -z'], ['x, y, z', '-x, y, -z'], ['x, y, z'], ['x, y, z']]"
28,"[['x, y, z', '-x, y+1/2, -z', 'x, y+1/2, -z', '-x, y, z'], ['x, y, z', '-x, y+1/2, -z'], ['x, y, z', '-x, y+1/2, -z']]"
29,"[['x, y, z', '-x, y+1/2, -z', '-x, y+1/2, z', 'x, y, -z'], ['x, y, z', '-x, y+1/2, -z']]"
30,"[['x, y, z', '-x, y, -z', 'x, y+1/2, -z', '-x, y+1/2, z'], ['x, y, z', 'x, y+1/2, -z'], ['x, y, z', 'x, y+1/2, -z']]"
31,"[['x, y, z', '-x, y, -z', 'x+1/2, y, -z', '-x+1/2, y, z'], ['x, y, z', '-x, y, -z'], ['x, y, z', 'x+1/2, y, -z']]"
32,"[['x, y, z', '-x+1/2, y+1/2, -z', 'x+1/2, y+1/2, -z', '-x, y, z'], ['x, y, z', '-x+1/2, y+1/2, -z']]"
33,"[['x, y, z', '-x, y+1/2, -z', 'x+1/2, y, -z', '-x+1/2, y+1/2, z']]"
34,"[['x, y, z', '-x, y, -z', '-x+1/2, y+1/2, z', 'x+1/2, y+1/2, -z'], ['x, y, z', '-x+1/2, y+1/2, z']]"
35,"[['x, y, z', '-x, y, -z', '-x, y, z', 'x, y, -z', 'x+1/2, y+1/2, z', '-x+1/2, y+1/2, -z', '-x+1/2, y+1/2, z', 'x+1/2, y+1/2, -z'], ['x, y, z', '-x, y, -z', 'x+1/2, y+1/2, z', '-x+1/2, y+1/2, -z'], ['x, y, z', '-x, y, -z', 'x+1/2, y+1/2, z', '-x+1/2, y+1/2, -z'], ['x, y, z', 'x+1/2, y+1/2, z']]"
36,"[['x, y, z', '-x, y, -z', '-x+1/2, y, z', 'x+1/2, y, -z', 'x+1/2, y+1/2, z', '-x+1/2, y+1/2, -z', '-x+1, y+1/2, z', 'x+1, y+1/2, -z'], ['x, y, z', '-x, y, -z', 'x+1/2, y+1/2, z', '-x+1/2, y+1/2, -z'], ['x, y, z', '-x+1/2, y, z', 'x+1/2, y+1/2, z', '-x+1, y+1/2, z']]"
37,"[['x, y, z', '-x, -y, z', '-x, y, -z', 'x, -y, -z', '-x, -y, -z', 'x, y, -z', 'x, -y, z', '-x, y, z'], ['x, y, z', '-x, -y, z', '-x, y, -z', 'x, -y, -z'], ['x, y, z', '-x, -y, z', '-x, y, -z', 'x, -y, -z'], ['x, y, z', '-x, -y, z', '-x, y, -z', 'x, -y, -z'], ['x, y, z', '-x, -y, z', '-x, y, -z', 'x, -y, -z'], ['x, y, z', '-x, -y, z', '-x, y, -z', 'x, -y, -z'], ['x, y, z', '-x, y, -z'], ['x, y, z', '-x, y, -z'], ['x, y, z', '-x, y, -z'], ['x, y, z', '-x, y, -z'], ['x, y, z', '-x, -y, z'], ['x, y, z', '-x, -y, z'], ['x, y, z', '-x, -y, z'], ['x, y, z', '-x, -y, z'], ['x, y, z'], ['x, y, z'], ['x, y, z'], ['x, y, z']]"
38,"[['x, y, z', 'x, -y, -z', '-x+1/2, -y, z', '-x+1/2, y, -z', '-x, -y, -z', '-x, y, z', 'x+1/2, y, -z', 'x+1/2, -y, z'], ['x, y, z', 'x, -y, -z', '-x+1/2, -y, z', '-x+1/2, y, -z'], ['x, y, z', '-x+1/2, -y, z', '-x, -y, -z', 'x+1/2, y, -z'], ['x, y, z', '-x+1/2, -y, z', '-x, -y, -z', 'x+1/2, y, -z'], ['x, y, z', 'x, -y, -z', '-x, -y, -z', '-x, y, z'], ['x, y, z', 'x, -y, -z', '-x, -y, -z', '-x, y, z'], ['x, y, z', 'x, -y, -z', '-x, -y, -z', '-x, y, z'], ['x, y, z', '-x, -y, -z'], ['x, y, z', '-x, -y, -z'], ['x, y, z', '-x+1/2, -y, z'], ['x, y, z', '-x+1/2, -y, z']]"
39,"[['x, y, z', '-x+1/2, -y+1/2, z', '-x+1/2, y, -z', 'x, -y+1/2, -z', '-x, -y, -z', 'x+1/2, y+1/2, -z', 'x+1/2, -y, z', '-x, y+1/2, z'], ['x, y, z', '-x+1/2, y, -z', '-x, -y, -z', 'x+1/2, -y, z'], ['x, y, z', '-x+1/2, y, -z', '-x, -y, -z', 'x+1/2, -y, z'], ['x, y, z', '-x+1/2, -y+1/2, z', '-x, -y, -z', 'x+1/2, y+1/2, -z'], ['x, y, z', '-x+1/2, -y+1/2, z', '-x, -y, -z', 'x+1/2, y+1/2, -z'], ['x, y, z', '-x+1/2, -y+1/2, z', '-x+1/2, y, -z', 'x, -y+1/2, -z'], ['x, y, z', '-x, -y, -z'], ['x, y, z', '-x, -y, -z']]"
40,"[['x, y, z', '-x+1/2, y, -z', '-x, -y, z', 'x+1/2, -y, -z', '-x, -y, -z', 'x+1/2, -y, z', 'x, y, -z', '-x+1/2, y, z'], ['x, y, z', '-x+1/2, y, -z', '-x, -y, z', 'x+1/2, -y, -z'], ['x, y, z', '-x+1/2, y, -z', '-x, -y, z', 'x+1/2, -y, -z'], ['x, y, z', '-x+1/2, y, -z', '-x, -y, -z', 'x+1/2, -y, z'], ['x, y, z', '-x+1/2, y, -z', '-x, -y, -z', 'x+1/2, -y, z'], ['x, y, z', '-x, -y, z'], ['x, y, z', '-x+1/2, y, -z'], ['x, y, z', '-x+1/2, y, -z']]"
41,"[['x, y, z', '-x+1/2, -y, z', '-x, y, -z', 'x+1/2, -y, -z', '-x, -y, -z', 'x+1/2, y, -z', 'x, -y, z', '-x+1/2, y, z'], ['x, y, z', '-x+1/2, -y, z', '-x, y, -z', 'x+1/2, -y, -z'], ['x, y, z', '-x+1/2, -y, z', '-x, y, -z', 'x+1/2, -y, -z'], ['x, y, z', '-x+1/2, -y, z', '-x, y, -z', 'x+1/2, -y, -z'], ['x, y, z', '-x+1/2, -y, z', '-x, -y, -z', 'x+1/2, y, -z'], ['x, y, z', '-x, y, -z'], ['x, y, z', '-x, y, -z'], ['x, y, z', '-x+1/2, -y, z'], ['x, y, z', '-x+1/2, -y, z']]"
42,"[['x, y, z', '-x+1/2, y+1/2, -z', '-x+1/2, -y+1/2, z', 'x, -y, -z', '-x, -y, -z', 'x+1/2, -y+1/2, z', 'x+1/2, y+1/2, -z', '-x, y, z'], ['x, y, z', '-x+1/2, y+1/2, -z', '-x+1/2, -y+1/2, z', 'x, -y, -z'], ['x, y, z', '-x+1/2, y+1/2, -z', '-x, -y, -z', 'x+1/2, -y+1/2, z'], ['x, y, z', '-x+1/2, y+1/2, -z', '-x, -y, -z', 'x+1/2, -y+1/2, z'], ['x, y, z', '-x+1/2, y+1/2, -z'], ['x, y, z', '-x+1/2, y+1/2, -z']]"
43,"[['x, y, z', 'x, -y+1/2, -z', '-x+1/2, -y, z', '-x+1/2, y+1/2, -z', '-x, -y, -z', '-x, y+1/2, z', 'x+1/2, y, -z', 'x+1/2, -y+1/2, z'], ['x, y, z', '-x+1/2, -y, z', '-x, -y, -z', 'x+1/2, y, -z'], ['x, y, z', 'x, -y+1/2, -z', '-x, -y, -z', '-x, y+1/2, z'], ['x, y, z', 'x, -y+1/2, -z', '-x+1/2, -y, z', '-x+1/2, y+1/2, -z']]"
44,"[['x, y, z', '-x, -y, z', '-x+1/2, y+1/2, -z', 'x+1/2, -y+1/2, -z', '-x, -y, -z', 'x, y, -z', 'x+1/2, -y+1/2, z', '-x+1/2, y+1/2, z'], ['x, y, z', '-x, -y, z', '-x+1/2, y+1/2, -z', 'x+1/2, -y+1/2, -z'], ['x, y, z', '-x+1/2, y+1/2, -z', '-x, -y, -z', 'x+1/2, -y+1/2, z'], ['x, y, z', '-x+1/2, y+1/2, -z', '-x, -y, -z', 'x+1/2, -y+1/2, z'], ['x, y, z', '-x+1/2, y+1/2, -z'], ['x, y, z', '-x+1/2, y+1/2, -z']]"
45,"[['x, y, z', '-x, y+1/2, -z', 'x+1/2, -y+1/2, -z', '-x+1/2, -y, z', '-x, -y, -z', 'x, -y+1/2, z', '-x+1/2, y+1/2, z', 'x+1/2, y, -z'], ['x, y, z', '-x, y+1/2, -z', 'x+1/2, -y+1/2, -z', '-x+1/2, -y, z'], ['x, y, z', '-x, y+1/2, -z', '-x, -y, -z', 'x, -y+1/2, z'], ['x, y, z', '-x, y+1/2, -z', 'x+1/2, -y+1/2, -z', '-x+1/2, -y, z']]"
46,"[['x, y, z', '-x+1/2, -y+1/2, z', '-x, y+1/2, -z', 'x+1/2, -y, -z', '-x, -y, -z', 'x+1/2, y+1/2, -z', 'x, -y+1/2, z', '-x+1/2, y, z'], ['x, y, z', '-x+1/2, -y+1/2, z', '-x, y+1/2, -z', 'x+1/2, -y, -z'], ['x, y, z', '-x+1/2, -y+1/2, z', '-x, y+1/2, -z', 'x+1/2, -y, -z'], ['x, y, z', '-x+1/2, -y+1/2, z', '-x, y+1/2, -z', 'x+1/2, -y, -z'], ['x, y, z', '-x, y+1/2, -z'], ['x, y, z', '-x, y+1/2, -z']]"
47,"[['x, y, z', '-x, -y, z', '-x, y, -z', 'x, -y, -z', '-x, -y, -z', 'x, y, -z', 'x, -y, z', '-x, y, z', 'x+1/2, y+1/2, z', '-x+1/2, -y+1/2, z', '-x+1/2, y+1/2, -z', 'x+1/2, -y+1/2, -z', '-x+1/2, -y+1/2, -z', 'x+1/2, y+1/2, -z', 'x+1/2, -y+1/2, z', '-x+1/2, y+1/2, z'], ['x, y, z', '-x, -y, z', '-x, y, -z', 'x, -y, -z', 'x+1/2, y+1/2, z', '-x+1/2, -y+1/2, z', '-x+1/2, y+1/2, -z', 'x+1/2, -y+1/2, -z'], ['x, y, z', '-x, -y, z', '-x, y, -z', 'x, -y, -z', 'x+1/2, y+1/2, z', '-x+1/2, -y+1/2, z', '-x+1/2, y+1/2, -z', 'x+1/2, -y+1/2, -z'], ['x, y, z', '-x, -y, z', '-x, y, -z', 'x, -y, -z', 'x+1/2, y+1/2, z', '-x+1/2, -y+1/2, z', '-x+1/2, y+1/2, -z', 'x+1/2, -y+1/2, -z'], ['x, y, z', '-x, -y, z', '-x, y, -z', 'x, -y, -z', '-x, -y, -z', 'x, y, -z', 'x, -y, z', '-x, y, z'], ['x, y, z', '-x, y, -z', 'x+1/2, y+1/2, z', '-x+1/2, y+1/2, -z'], ['x, y, z', '-x, y, -z', 'x+1/2, y+1/2, z', '-x+1/2, y+1/2, -z'], ['x, y, z', '-x, -y, z', 'x+1/2, y+1/2, z', '-x+1/2, -y+1/2, z'], ['x, y, z', '-x, -y, z', 'x+1/2, y+1/2, z', '-x+1/2, -y+1/2, z'], ['x, y, z', '-x, -y, z', '-x, y, -z', 'x, -y, -z'], ['x, y, z', 'x+1/2, y+1/2, z'], ['x, y, z', 'x+1/2, y+1/2, z']]"
48,"[['x, y, z', '-x, -y+1/2, z', '-x, y+1/2, -z', 'x, -y, -z', '-x, -y, -z', 'x, y+1/2, -z', 'x, -y+1/2, z', '-x, y, z', 'x+1/2, y+1/2, z', '-x+1/2, -y+1, z', '-x+1/2, y+1, -z', 'x+1/2, -y+1/2, -z', '-x+1/2, -y+1/2, -z', 'x+1/2, y+1, -z', 'x+1/2, -y+1, z', '-x+1/2, y+1/2, z'], ['x, y, z', '-x, -y+1/2, z', '-x, y+1/2, -z', 'x, -y, -z', 'x+1/2, y+1/2, z', '-x+1/2, -y+1, z', '-x+1/2, y+1, -z', 'x+1/2, -y+1/2, -z'], ['x, y, z', '-x, -y+1/2, z', '-x, y+1/2, -z', 'x, -y, -z', 'x+1/2, y+1/2, z', '-x+1/2, -y+1, z', '-x+1/2, y+1, -z', 'x+1/2, -y+1/2, -z'], ['x, y, z', '-x, -y+1/2, z', '-x, y+1/2, -z', 'x, -y, -z', '-x, -y, -z', 'x, y+1/2, -z', 'x, -y+1/2, z', '-x, y, z'], ['x, y, z', '-x, -y+1/2, z', '-x, y+1/2, -z', 'x, -y, -z', '-x, -y, -z', 'x, y+1/2, -z', 'x, -y+1/2, z', '-x, y, z'], ['x, y, z', '-x, -y+1/2, z', '-x, -y, -z', 'x, y+1/2, -z', 'x+1/2, y+1/2, z', '-x+1/2, -y+1, z', '-x+1/2, -y+1/2, -z', 'x+1/2, y+1, -z'], ['x, y, z', '-x, y+1/2, -z', 'x+1/2, y+1/2, z', '-x+1/2, y+1, -z'], ['x, y, z', '-x, -y+1/2, z', '-x, y+1/2, -z', 'x, -y, -z'], ['x, y, z', '-x, -y+1/2, z', 'x+1/2, y+1/2, z', '-x+1/2, -y+1, z'], ['x, y, z', '-x, -y+1/2, z', '-x, -y, -z', 'x, y+1/2, -z']]"
49,"[['x, y, z', '-x, -y, z', '-y, x, z', 'y, -x, z'], ['x, y, z', '-y, x, z'], ['x, y, z'], ['x, y, z']]"
50,"[['x, y, z', '-x, -y, z', 'y, -x, -z', '-y, x, -z'], ['x, y, z', 'y, -x, -z'], ['x, y, z', 'y, -x, -z'], ['x, y, z', 'y, -x, -z'], ['x, y, z'], ['x, y, z']]"
51,"[['x, y, z', '-x, -y, z', '-y, x, z', 'y, -x, z', '-x, -y, -z', 'x, y, -z', 'y, -x, -z', '-y, x, -z'], ['x, y, z', '-x, -y, z', '-y, x, z', 'y, -x, z'], ['x, y, z', '-y, x, z', '-x, -y, -z', 'y, -x, -z'], ['x, y, z', '-x, -y, -z'], ['x, y, z', '-x, -y, -z'], ['x, y, z', '-y, x, z'], ['x, y, z'], ['x, y, z']]"
52,"[['x, y, z', '-x+1/2, -y+1/2, z', '-y+1/2, x, z', 'y, -x+1/2, z', '-x, -y, -z', 'x+1/2, y+1/2, -z', 'y+1/2, -x, -z', '-y, x+1/2, -z'], ['x, y, z', '-y+1/2, x, z', '-x, -y, -z', 'y+1/2, -x, -z'], ['x, y, z', '-x+1/2, -y+1/2, z', '-y+1/2, x, z', 'y, -x+1/2, z'], ['x, y, z', '-x, -y, -z'], ['x, y, z', '-y+1/2, x, z']]"
53,"[['x, y, z', '-x, -y, z', '-y, x, z', 'y, -x, z', '-x, y, -z', 'x, -y, -z', 'y, x, -z', '-y, -x, -z'], ['x, y, z', '-x, -y, z', '-y, x, z', 'y, -x, z'], ['x, y, z', '-x, -y, z', '-y, x, z', 'y, -x, z'], ['x, y, z', '-x, -y, z', '-y, x, z', 'y, -x, z'], ['x, y, z', '-y, x, z', '-x, y, -z', 'y, x, -z'], ['x, y, z', '-x, y, -z'], ['x, y, z', '-x, y, -z'], ['x, y, z', '-y, x, z'], ['x, y, z'], ['x, y, z']]"
54,"[['x, y, z', '-x, -y, z', '-y, x, z', 'y, -x, z', '-x+1/2, y+1/2, -z', 'x+1/2, -y+1/2, -z', 'y+1/2, x+1/2, -z', '-y+1/2, -x+1/2, -z'], ['x, y, z', '-x, -y, z', '-y, x, z', 'y, -x, z'], ['x, y, z', '-y, x, z', '-x+1/2, y+1/2, -z', 'y+1/2, x+1/2, -z'], ['x, y, z', '-x+1/2, y+1/2, -z'], ['x, y, z', '-y, x, z']]"
55,"[['x, y, z', '-x, -y, z', '-y, x, z', 'y, -x, z', 'x, -y, z', '-x, y, z', '-y, -x, z', 'y, x, z'], ['x, y, z', '-x, -y, z', '-y, x, z', 'y, -x, z'], ['x, y, z', '-x, -y, z', '-y, x, z', 'y, -x, z'], ['x, y, z', '-x, -y, z', '-y, x, z', 'y, -x, z'], ['x, y, z', '-y, x, z'], ['x, y, z'], ['x, y, z']]"
56,"[['x, y, z', '-x, -y, z', '-y, x, z', 'y, -x, z', 'x+1/2, -y+1/2, z', '-x+1/2, y+1/2, z', '-y+1/2, -x+1/2, z', 'y+1/2, x+1/2, z'], ['x, y, z', '-x, -y, z', '-y, x, z', 'y, -x, z'], ['x, y, z', '-y, x, z'], ['x, y, z', 'x+1/2, -y+1/2, z']]"
57,"[['x, y, z', '-x, -y, z', 'y, -x, -z', '-y, x, -z', '-x, y, -z', 'x, -y, -z', '-y, -x, z', 'y, x, z'], ['x, y, z', '-x, -y, z', 'y, -x, -z', '-y, x, -z'], ['x, y, z', 'y, -x, -z', '-x, y, -z', '-y, -x, z'], ['x, y, z', '-x, -y, z', 'y, -x, -z', '-y, x, -z'], ['x, y, z', '-x, -y, z', 'y, -x, -z', '-y, x, -z'], ['x, y, z', 'y, -x, -z'], ['x, y, z', 'y, -x, -z'], ['x, y, z', 'y, -x, -z'], ['x, y, z'], ['x, y, z']]"
58,"[['x, y, z', '-x, -y, z', 'y, -x, -z', '-y, x, -z', '-x+1/2, y+1/2, -z', 'x+1/2, -y+1/2, -z', '-y+1/2, -x+1/2, z', 'y+1/2, x+1/2, z'], ['x, y, z', '-x, -y, z', 'y, -x, -z', '-y, x, -z'], ['x, y, z', 'y, -x, -z', '-x+1/2, y+1/2, -z', '-y+1/2, -x+1/2, z'], ['x, y, z', 'y, -x, -z'], ['x, y, z', '-x+1/2, y+1/2, -z']]"
59,"[['x, y, z', '-x, -y, z', 'y, -x, -z', '-y, x, -z', 'x, -y, z', '-x, y, z', 'y, x, -z', '-y, -x, -z'], ['x, y, z', '-x, -y, z', 'y, -x, -z', '-y, x, -z'], ['x, y, z', '-x, -y, z', 'y, -x, -z', '-y, x, -z'], ['x, y, z', '-x, -y, z', 'y, -x, -z', '-y, x, -z'], ['x, y, z', 'y, -x, -z'], ['x, y, z', 'y, -x, -z'], ['x, y, z', 'y, -x, -z'], ['x, y, z'], ['x, y, z']]"
60,"[['x, y, z', '-x, -y, z', 'y, -x, -z', '-y, x, -z', 'x+1/2, -y+1/2, z', '-x+1/2, y+1/2, z', 'y+1/2, x+1/2, -z', '-y+1/2, -x+1/2, -z'], ['x, y, z', '-x, -y, z', 'y, -x, -z', '-y, x, -z'], ['x, y, z', 'y, -x, -z', 'x+1/2, -y+1/2, z', 'y+1/2, x+1/2, -z'], ['x, y, z', 'y, -x, -z', 'x+1/2, -y+1/2, z', 'y+1/2, x+1/2, -z'], ['x, y, z', 'y, -x, -z'], ['x, y, z', 'x+1/2, -y+1/2, z']]"
61,"[['x, y, z', '-x, -y, z', '-y, x, z', 'y, -x, z', '-x, y, -z', 'x, -y, -z', 'y, x, -z', '-y, -x, -z', '-x, -y, -z', 'x, y, -z', 'y, -x, -z', '-y, x, -z', 'x, -y, z', '-x, y, z', '-y, -x, z', 'y, x, z'], ['x, y, z', '-x, -y, z', '-y, x, z', 'y, -x, z', '-x, y, -z', 'x, -y, -z', 'y, x, -z', '-y, -x, -z'], ['x, y, z', '-x, -y, z', '-y, x, z', 'y, -x, z', '-x, y, -z', 'x, -y, -z', 'y, x, -z', '-y, -x, -z'], ['x, y, z', '-x, -y, z', '-y, x, z', 'y, -x, z', '-x, y, -z', 'x, -y, -z', 'y, x, -z', '-y, -x, -z'], ['x, y, z', '-x, -y, z', '-y, x, z', 'y, -x, z', '-x, y, -z', 'x, -y, -z', 'y, x, -z', '-y, -x, -z'], ['x, y, z', '-x, -y, z', '-y, x, z', 'y, -x, z'], ['x, y, z', '-x, -y, z', '-y, x, z', 'y, -x, z'], ['x, y, z', '-x, -y, z', '-y, x, z', 'y, -x, z'], ['x, y, z', '-y, x, z', '-x, y, -z', 'y, x, -z'], ['x, y, z', '-x, y, -z'], ['x, y, z', '-x, y, -z'], ['x, y, z', '-y, x, z'], ['x, y, z'], ['x, y, z']]"
62,"[['x, y, z', '-x+1/2, -y+1/2, z', '-y+1/2, x, z', 'y, -x+1/2, z', '-x+1/2, y, -z', 'x, -y+1/2, -z', 'y, x, -z', '-y+1/2, -x+1/2, -z', '-x, -y, -z', 'x+1/2, y+1/2, -z', 'y+1/2, -x, -z', '-y, x+1/2, -z', 'x+1/2, -y, z', '-x, y+1/2, z', '-y, -x, z', 'y+1/2, x+1/2, z'], ['x, y, z', '-x+1/2, -y+1/2, z', '-y+1/2, x, z', 'y, -x+1/2, z', '-x+1/2, y, -z', 'x, -y+1/2, -z', 'y, x, -z', '-y+1/2, -x+1/2, -z'], ['x, y, z', '-x+1/2, -y+1/2, z', '-y+1/2, x, z', 'y, -x+1/2, z', '-x, -y, -z', 'x+1/2, y+1/2, -z', 'y+1/2, -x, -z', '-y, x+1/2, -z'], ['x, y, z', '-x+1/2, -y+1/2, z', '-y+1/2, x, z', 'y, -x+1/2, z', '-x, -y, -z', 'x+1/2, y+1/2, -z', 'y+1/2, -x, -z', '-y, x+1/2, -z'], ['x, y, z', '-y+1/2, x, z', '-x+1/2, y, -z', 'y, x, -z'], ['x, y, z', '-x+1/2, y, -z', '-x, -y, -z', 'x+1/2, -y, z'], ['x, y, z', '-x+1/2, -y+1/2, z', '-y+1/2, x, z', 'y, -x+1/2, z'], ['x, y, z', '-y+1/2, x, z'], ['x, y, z', '-x, -y, -z']]"
63,"[['x, y, z', '-x, -y, z', '-y, x, z', 'y, -x, z', '-x+1/2, y+1/2, -z', 'x+1/2, -y+1/2, -z', 'y+1/2, x+1/2, -z', '-y+1/2, -x+1/2, -z', '-x, -y, -z', 'x, y, -z', 'y, -x, -z', '-y, x, -z', 'x+1/2, -y+1/2, z', '-x+1/2, y+1/2, z', '-y+1/2, -x+1/2, z', 'y+1/2, x+1/2, z'], ['x, y, z', '-x, -y, z', '-y, x, z', 'y, -x, z', '-x+1/2, y+1/2, -z', 'x+1/2, -y+1/2, -z', 'y+1/2, x+1/2, -z', '-y+1/2, -x+1/2, -z'], ['x, y, z', '-x, -y, z', '-y, x, z', 'y, -x, z', '-x+1/2, y+1/2, -z', 'x+1/2, -y+1/2, -z', 'y+1/2, x+1/2, -z', '-y+1/2, -x+1/2, -z'], ['x, y, z', '-x, -y, z', '-y, x, z', 'y, -x, z'], ['x, y, z', '-y, x, z', '-x+1/2, y+1/2, -z', 'y+1/2, x+1/2, -z'], ['x, y, z', '-x+1/2, y+1/2, -z', '-x, -y, -z', 'x+1/2, -y+1/2, z'], ['x, y, z', '-y, x, z'], ['x, y, z', '-x+1/2, y+1/2, -z']]"
64,"[['x, y, z', '-x+1/2, -y+1/2, z', '-y+1/2, x, z', 'y, -x+1/2, z', '-x, y+1/2, -z', 'x+1/2, -y, -z', 'y+1/2, x+1/2, -z', '-y, -x, -z', '-x, -y, -z', 'x+1/2, y+1/2, -z', 'y+1/2, -x, -z', '-y, x+1/2, -z', 'x, -y+1/2, z', '-x+1/2, y, z', '-y+1/2, -x+1/2, z', 'y, x, z'], ['x, y, z', '-x+1/2, -y+1/2, z', '-y+1/2, x, z', 'y, -x+1/2, z', '-x, y+1/2, -z', 'x+1/2, -y, -z', 'y+1/2, x+1/2, -z', '-y, -x, -z'], ['x, y, z', '-x+1/2, -y+1/2, z', '-y+1/2, x, z', 'y, -x+1/2, z', '-x, y+1/2, -z', 'x+1/2, -y, -z', 'y+1/2, x+1/2, -z', '-y, -x, -z'], ['x, y, z', '-x+1/2, -y+1/2, z', '-y+1/2, x, z', 'y, -x+1/2, z', '-x, -y, -z', 'x+1/2, y+1/2, -z', 'y+1/2, -x, -z', '-y, x+1/2, -z'], ['x, y, z', '-y+1/2, x, z', '-x, y+1/2, -z', 'y+1/2, x+1/2, -z'], ['x, y, z', '-x+1/2, -y+1/2, z', '-y+1/2, x, z', 'y, -x+1/2, z'], ['x, y, z', '-x, y+1/2, -z'], ['x, y, z', '-y+1/2, x, z']]"
65,"[['x, y, z', '-y, x-y, z', '-x+y, -x, z'], ['x, y, z'], ['x, y, z'], ['x, y, z']]"
66,"[['x, y, z', '-y, x-y, z', '-x+y, -x, z', '-x, -y, -z', 'y, -x+y, -z', 'x-y, x, -z'], ['x, y, z', '-y, x-y, z', '-x+y, -x, z'], ['x, y, z', '-x, -y, -z'], ['x, y, z', '-x, -y, -z'], ['x, y, z']]"
67,"[['x, y, z', '-y, x-y, z', '-x+y, -x, z', '-y, -x, -z', '-x+y, y, -z', 'x, x-y, -z'], ['x, y, z', '-y, x-y, z', '-x+y, -x, z'], ['x, y, z', '-y, -x, -z'], ['x, y, z', '-y, -x, -z'], ['x, y, z', '-y, -x, -z'], ['x, y, z'], ['x, y, z'], ['x, y, z']]"
68,"[['x, y, z', '-y, x-y, z', '-x+y, -x, z', 'y, x, -z', 'x-y, -y, -z', '-x, -x+y, -z'], ['x, y, z', '-y, x-y, z', '-x+y, -x, z'], ['x, y, z', 'y, x, -z'], ['x, y, z', 'y, x, -z'], ['x, y, z']]"
69,"[['x, y, z', '-y, x-y, z', '-x+y, -x, z', '-y, -x, z', '-x+y, y, z', 'x, x-y, z'], ['x, y, z', '-y, x-y, z', '-x+y, -x, z'], ['x, y, z'], ['x, y, z'], ['x, y, z']]"
70,"[['x, y, z', '-y, x-y, z', '-x+y, -x, z', 'y, x, z', 'x-y, -y, z', '-x, -x+y, z'], ['x, y, z', '-y, x-y, z', '-x+y, -x, z'], ['x, y, z', 'y, x, z'], ['x, y, z']]"
71,"[['x, y, z', '-y, x-y, z', '-x+y, -x, z', '-y, -x, -z', '-x+y, y, -z', 'x, x-y, -z', '-x, -y, -z', 'y, -x+y, -z', 'x-y, x, -z', 'y, x, z', 'x-y, -y, z', '-x, -x+y, z'], ['x, y, z', '-y, x-y, z', '-x+y, -x, z', '-y, -x, -z', '-x+y, y, -z', 'x, x-y, -z'], ['x, y, z', '-y, x-y, z', '-x+y, -x, z', '-x, -y, -z', 'y, -x+y, -z', 'x-y, x, -z'], ['x, y, z', '-y, -x, -z', '-x, -y, -z', 'y, x, z'], ['x, y, z', '-y, x-y, z', '-x+y, -x, z'], ['x, y, z', '-y, -x, -z'], ['x, y, z', '-x, -y, -z'], ['x, y, z']]"
72,"[['x, y, z', '-y, x-y, z', '-x+y, -x, z', 'y, x, -z', 'x-y, -y, -z', '-x, -x+y, -z', '-x, -y, -z', 'y, -x+y, -z', 'x-y, x, -z', '-y, -x, z', '-x+y, y, z', 'x, x-y, z'], ['x, y, z', '-y, x-y, z', '-x+y, -x, z', 'y, x, -z', 'x-y, -y, -z', '-x, -x+y, -z'], ['x, y, z', '-y, x-y, z', '-x+y, -x, z', '-x, -y, -z', 'y, -x+y, -z', 'x-y, x, -z'], ['x, y, z', '-y, x-y, z', '-x+y, -x, z'], ['x, y, z', 'y, x, -z'], ['x, y, z', 'y, x, -z'], ['x, y, z']]"
73,"[['x, y, z', '-y, x-y, z', '-x+y, -x, z', '-x, -y, z', 'y, -x+y, z', 'x-y, x, z'], ['x, y, z', '-y, x-y, z', '-x+y, -x, z'], ['x, y, z', '-x, -y, z'], ['x, y, z']]"
74,"[['x, y, z', '-y, x-y, z', '-x+y, -x, z', 'x, y, -z', '-y, x-y, -z', '-x+y, -x, -z'], ['x, y, z', '-y, x-y, z', '-x+y, -x, z'], ['x, y, z', 'x, y, -z'], ['x, y, z', 'x, y, -z'], ['x, y, z', 'x, y, -z'], ['x, y, z'], ['x, y, z'], ['x, y, z']]"
75,"[['x, y, z', '-y, x-y, z', '-x+y, -x, z', '-x, -y, z', 'y, -x+y, z', 'x-y, x, z', '-x, -y, -z', 'y, -x+y, -z', 'x-y, x, -z', 'x, y, -z', '-y, x-y, -z', '-x+y, -x, -z'], ['x, y, z', '-y, x-y, z', '-x+y, -x, z', '-x, -y, z', 'y, -x+y, z', 'x-y, x, z'], ['x, y, z', '-y, x-y, z', '-x+y, -x, z', '-x, -y, -z', 'y, -x+y, -z', 'x-y, x, -z'], ['x, y, z', '-x, -y, z', '-x, -y, -z', 'x, y, -z'], ['x, y, z', '-y, x-y, z', '-x+y, -x, z'], ['x, y, z', '-x, -y, -z'], ['x, y, z', '-x, -y, z'], ['x, y, z']]"
76,"[['x, y, z', '-y, x-y, z', '-x+y, -x, z', '-x, -y, z', 'y, -x+y, z', 'x-y, x, z', 'y, x, -z', 'x-y, -y, -z', '-x, -x+y, -z', '-y, -x, -z', '-x+y, y, -z', 'x, x-y, -z'], ['x, y, z', '-y, x-y, z', '-x+y, -x, z', '-x, -y, z', 'y, -x+y, z', 'x-y, x, z'], ['x, y, z', '-y, x-y, z', '-x+y, -x, z', '-x, -y, z', 'y, -x+y, z', 'x-y, x, z'], ['x, y, z', '-y, x-y, z', '-x+y, -x, z', 'y, x, -z', 'x-y, -y, -z', '-x, -x+y, -z'], ['x, y, z', '-x, -y, z', 'y, x, -z', '-y, -x, -z'], ['x, y, z', '-y, x-y, z', '-x+y, -x, z'], ['x, y, z', 'y, x, -z'], ['x, y, z', '-x, -y, z'], ['x, y, z']]"
77,"[['x, y, z', '-y, x-y, z', '-x+y, -x, z', '-x, -y, z', 'y, -x+y, z', 'x-y, x, z', '-y, -x, z', '-x+y, y, z', 'x, x-y, z', 'y, x, z', 'x-y, -y, z', '-x, -x+y, z'], ['x, y, z', '-y, x-y, z', '-x+y, -x, z', '-x, -y, z', 'y, -x+y, z', 'x-y, x, z'], ['x, y, z', '-y, x-y, z', '-x+y, -x, z', '-x, -y, z', 'y, -x+y, z', 'x-y, x, z'], ['x, y, z', '-y, x-y, z', '-x+y, -x, z'], ['x, y, z', '-x, -y, z'], ['x, y, z']]"
78,"[['x, y, z', '-y, x-y, z', '-x+y, -x, z', 'x, y, -z', '-y, x-y, -z', '-x+y, -x, -z', '-y, -x, z', '-x+y, y, z', 'x, x-y, z', '-y, -x, -z', '-x+y, y, -z', 'x, x-y, -z'], ['x, y, z', '-y, x-y, z', '-x+y, -x, z', 'x, y, -z', '-y, x-y, -z', '-x+y, -x, -z'], ['x, y, z', '-y, x-y, z', '-x+y, -x, z', '-y, -x, z', '-x+y, y, z', 'x, x-y, z'], ['x, y, z', '-y, x-y, z', '-x+y, -x, z'], ['x, y, z', 'x, y, -z'], ['x, y, z', 'x, y, -z'], ['x, y, z', 'x, y, -z'], ['x, y, z'], ['x, y, z'], ['x, y, z']]"
79,"[['x, y, z', '-y, x-y, z', '-x+y, -x, z', 'x, y, -z', '-y, x-y, -z', '-x+y, -x, -z', 'y, x, -z', 'x-y, -y, -z', '-x, -x+y, -z', 'y, x, z', 'x-y, -y, z', '-x, -x+y, z'], ['x, y, z', '-y, x-y, z', '-x+y, -x, z', 'y, x, -z', 'x-y, -y, -z', '-x, -x+y, -z'], ['x, y, z', '-y, x-y, z', '-x+y, -x, z', 'x, y, -z', '-y, x-y, -z', '-x+y, -x, -z'], ['x, y, z', 'x, y, -z', 'y, x, -z', 'y, x, z'], ['x, y, z', '-y, x-y, z', '-x+y, -x, z'], ['x, y, z', 'x, y, -z'], ['x, y, z', 'y, x, -z'], ['x, y, z']]"
80,"[['x, y, z', '-y, x-y, z', '-x+y, -x, z', '-x, -y, z', 'y, -x+y, z', 'x-y, x, z', 'y, x, -z', 'x-y, -y, -z', '-x, -x+y, -z', '-y, -x, -z', '-x+y, y, -z', 'x, x-y, -z', '-x, -y, -z', 'y, -x+y, -z', 'x-y, x, -z', 'x, y, -z', '-y, x-y, -z', '-x+y, -x, -z', '-y, -x, z', '-x+y, y, z', 'x, x-y, z', 'y, x, z', 'x-y, -y, z', '-x, -x+y, z'], ['x, y, z', '-y, x-y, z', '-x+y, -x, z', '-x, -y, z', 'y, -x+y, z', 'x-y, x, z', 'y, x, -z', 'x-y, -y, -z', '-x, -x+y, -z', '-y, -x, -z', '-x+y, y, -z', 'x, x-y, -z'], ['x, y, z', '-y, x-y, z', '-x+y, -x, z', '-x, -y, z', 'y, -x+y, z', 'x-y, x, z', 'y, x, -z', 'x-y, -y, -z', '-x, -x+y, -z', '-y, -x, -z', '-x+y, y, -z', 'x, x-y, -z'], ['x, y, z', '-y, x-y, z', '-x+y, -x, z', '-x, -y, z', 'y, -x+y, z', 'x-y, x, z', 'y, x, -z', 'x-y, -y, -z', '-x, -x+y, -z', '-y, -x, -z', '-x+y, y, -z', 'x, x-y, -z'], ['x, y, z', '-y, x-y, z', '-x+y, -x, z', '-x, -y, z', 'y, -x+y, z', 'x-y, x, z'], ['x, y, z', '-y, x-y, z', '-x+y, -x, z', '-x, -y, z', 'y, -x+y, z', 'x-y, x, z'], ['x, y, z', '-y, x-y, z', '-x+y, -x, z', 'y, x, -z', 'x-y, -y, -z', '-x, -x+y, -z'], ['x, y, z', '-x, -y, z', 'y, x, -z', '-y, -x, -z'], ['x, y, z', '-y, x-y, z', '-x+y, -x, z'], ['x, y, z', 'y, x, -z'], ['x, y, z', '-x, -y, z'], ['x, y, z']]"
